Test Name, Question 1, Question 2, ..., Question 10
Tutor ID,  Q1Answer 1, Q2Answer 1, ..., Q10Answer 1
Test Type, Q1A2,       Q2A2,       ..., Q10A2
Cohort,    Q1A3,       Q2A3,       ..., Q10A3
Date due,  Q1A4,       Q2A4,       ..., Q10A4
,          Q1Correct,  Q2Correct,  ..., Q10Correct
Swallow Biology Test,What is the airspeed velocity of an unladen swallow?,What is the airspeed velocity of an unladen swallow?,What is the airspeed velocity of an unladen swallow?,What is the airspeed velocity of an unladen swallow?,What is the airspeed velocity of an unladen swallow?,What is the airspeed velocity of an unladen swallow?,What is the airspeed velocity of an unladen swallow?,What is the airspeed velocity of an unladen swallow?,What is the airspeed velocity of an unladen swallow?,What is the airspeed velocity of an unladen swallow?
0,African or European?,African or European?,African or European?,African or European?,African or European?,African or European?,African or European?,African or European?,African or European?,salfgfjh
Formative(Don't),I don't know that,I don't know that,I don't know that,I don't
know that,I don't know that,I don't know that,I don't know that,I don't know that,I don't know that,I don't know that
,"""""""Blue? no""",""" yellow""""""","""""""Blue? no""",""" yellow""""""","""""""Blue? no""",""" yellow""""""","""""""Blue? no""",""" yellow""""""","""""""Blue? no""",""" yellow""""""","""""""Blue? no""",""" yellow""""""","""""""Blue? no""",""" yellow""""""","""""""Blue? no""",""" yellow""""""","""""""Blue? no""",""" yellow""""""",African or European?
,Isn't that a double negative?,Isn't that a double negative?,Isn't that a double negative?,Isn't that a double negative?,Isn't that a double negative?,Isn't that a double negative?,Isn't that a double negative?,Isn't that a double negative?,Isn't that a double negative?,Isn't that a double negative?
,1,1,1,1,1,1,1,1,1,3
TestSummativeEdited,Q1e,Q2,Q3,Q4,Q5,Q6,Q7,Q8,Q9,Q0
0,Q1A1e,Q2A1,Q3A1,Q4A1,Q5A1,Q6A1,Q7A1,Q8A1,Q9A1,Q0A1
Summative,Q1A2e,Q2A2,Q3A2,Q4A2,Q5A2,Q6A2,Q7A2,Q8A2,Q9A2,Q0A2
CM1210,Q1A3e,Q2A3,Q3A3,Q4A3,Q5A3,Q6A3,Q7A3,Q8A3,Q9A3,Q0A3
01-01-2020,Q1A4e,Q2A4,Q3A4,Q4A4,Q5A4,Q6A4,Q7A4,Q8A4,Q9A4,Q0A4
,4,2,3,4,1,2,3,4,1,2
TestFormative,Q1,Q2,Q3,Q4,Q5,Q6,Q7,Q8,Q9,Q0
0,Q1A1,Q2A1,Q3A1,Q4A1,Q5A1,Q6A1,Q7A1,Q8A1,Q9A1,Q0A1
Formative,Q1A2,Q2A2,Q3A2,Q4A2,Q5A2,Q6A2,Q7A2,Q8A2,Q9A2,Q0A2
CM1208,Q1A3,Q2A3,Q3A3,Q4A3,Q5A3,Q6A3,Q7A3,Q8A3,Q9A3,Q0A3
21-08-2020,Q1A4,Q2A4,Q3A4,Q4A4,Q5A4,Q6A4,Q7A4,Q8A4,Q9A4,Q0A4
,1,2,3,4,1,2,3,4,1,2
