sdf,asdf	jbj,wyw,weht,q4,q5,q6,q7,q8,q9,q10
0,sth,steh,sdfb,q4a1,q5a1,q6a1,q7a1,q8a1,q9a1,q10a1
Test,asd,areg,ew5y,q4a2,q5a2,q6a2,q7a2,q8a2,q9a2,q10a2
CM1202,asd,3qy,5wg,q4a3,q5a3,q6a3,q7a3,q8a3,q9a3,q10a3
,adfa,weh,sgrs,q4a4,q5a4,q6a4,q7a4,q8a4,q9a4,q10a4
,1,2,3,4,1,2,3,4,1,2
qaewsedf,q1,q2,q3,q4,q5,q6,q7,q8,q9,q10
0,q1a1,q2a1,q3a1,q4a1,q5a1,q6a1,q7a1,q8a1,q9a1,q10a1
Test,q1a2,q2a2,q3a2,q4a2,q5a2,q6a2,q7a2,q8a2,q9a2,q10a2
CM1202,q1a3,q2a3,q3a3,q4a3,q5a3,q6a3,q7a3,q8a3,q9a3,q10a3
,q1a4,q2a4,q3a4,q4a4,q5a4,q6a4,q7a4,q8a4,q9a4,q10a4
,1,2,3,4,1,2,3,4,1,2
rdftgy,1,2,3,4,5,6,7,8,9,10
0,11,21,31,41,51,61,71,81,91,101
Test,12,22,32,42,52,62,72,82,92,102
CM1202,13,23,33,43,53,63,73,83,93,103
,14,24,34,44,54,64,74,84,94,104
,1,2,3,4,1,2,3,3,1,2
,,,,,,,,,,
0,,,,,,,,,,
Test,,,,,,,,,,
CM1202,,,,,,,,,,
,,,,,,,,,,
,0,0,0,0,0,0,0,0,0,0
